City,Date,AQI
Adilabad,01-01-2017,63.66666667
Adilabad,01-02-2017,63.55555556
Adilabad,01-03-2017,67.66666667
Adilabad,01-04-2017,68.96296296
Adilabad,01-05-2017,70.62962963
Adilabad,01-06-2017,65.62962963
Adilabad,01-07-2017,62
Adilabad,01-08-2017,59.55555556
Adilabad,01-09-2017,61.44444444
Adilabad,01-10-2017,65.11111111
Adilabad,01-11-2017,63.44444444
Adilabad,01-12-2017,63.62962963
Adilabad,01-01-2018,66.11111111
Adilabad,01-02-2018,67
Adilabad,01-03-2018,70.33333333
Adilabad,01-04-2018,73.51851852
Adilabad,01-05-2018,74.11111111
Adilabad,01-06-2018,68.66666667
Adilabad,01-07-2018,63.77777778
Adilabad,01-08-2018,64
Adilabad,01-09-2018,61.55555556
Adilabad,01-10-2018,67.11111111
Adilabad,01-11-2018,74.77777778
Adilabad,01-12-2018,81
Adilabad,01-01-2020,78
Adilabad,01-02-2020,81.7037037
Adilabad,01-03-2020,70.81481481
Adilabad,01-04-2020,51.5
Adilabad,01-05-2020,0
Adilabad,01-06-2020,74
Adilabad,01-07-2020,74
Adilabad,01-08-2020,72
Adilabad,01-09-2020,72
Adilabad,01-10-2020,72
Adilabad,01-11-2020,0
Adilabad,01-12-2020,0
Adilabad,01-01-2021,0
Adilabad,01-02-2021,62
Adilabad,01-03-2021,73
Adilabad,01-04-2021,74
Adilabad,01-05-2021,67
Adilabad,01-06-2021,0
Adilabad,01-07-2021,0
Adilabad,01-08-2021,0
Adilabad,01-09-2021,0
Adilabad,01-10-2021,0
Adilabad,01-11-2021,0
Adilabad,01-12-2021,0
Adilabad,01-01-2022,0
Adilabad,01-02-2022,62
Adilabad,01-03-2022,73
Adilabad,01-04-2022,74
Adilabad,01-05-2022,67
Adilabad,01-06-2022,0
Adilabad,01-07-2022,0
Adilabad,01-08-2022,0
Adilabad,01-09-2022,0
Adilabad,01-10-2022,0
Adilabad,01-11-2022,0
Adilabad,01-12-2022,0
Balasamudram,01-01-2017,76
Balasamudram,01-02-2017,64
Balasamudram,01-03-2017,75
Balasamudram,01-04-2017,75
Balasamudram,01-05-2017,69
Balasamudram,01-06-2017,59.5
Balasamudram,01-07-2017,53.25
Balasamudram,01-08-2017,71.25
Balasamudram,01-09-2017,58
Balasamudram,01-10-2017,75
Balasamudram,01-11-2017,68
Balasamudram,01-12-2017,72.25
Balasamudram,01-01-2018,108
Balasamudram,01-02-2018,80.5
Balasamudram,01-03-2018,85.51587302
Balasamudram,01-04-2018,88
Balasamudram,01-05-2018,78.14849624
Balasamudram,01-06-2018,75.86152882
Balasamudram,01-07-2018,80
Balasamudram,01-08-2018,68
Balasamudram,01-09-2018,84
Balasamudram,01-10-2018,87.76041667
Balasamudram,01-11-2018,89.20138889
Balasamudram,01-12-2018,93
Balasamudram,01-01-2020,89
Balasamudram,01-02-2020,89
Balasamudram,01-03-2020,40
Balasamudram,01-04-2020,24
Balasamudram,01-05-2020,47
Balasamudram,01-06-2020,45
Balasamudram,01-07-2020,37
Balasamudram,01-08-2020,55
Balasamudram,01-09-2020,40
Balasamudram,01-10-2020,38
Balasamudram,01-11-2020,82
Balasamudram,01-12-2020,61
Balasamudram,01-01-2021,77
Balasamudram,01-02-2021,86
Balasamudram,01-03-2021,85
Balasamudram,01-04-2021,65
Balasamudram,01-05-2021,39
Balasamudram,01-06-2021,30
Balasamudram,01-07-2021,51
Balasamudram,01-08-2021,48
Balasamudram,01-09-2021,53
Balasamudram,01-10-2021,50
Balasamudram,01-11-2021,47
Balasamudram,01-12-2021,81
Balasamudram,01-01-2022,77
Balasamudram,01-02-2022,86
Balasamudram,01-03-2022,85
Balasamudram,01-04-2022,65
Balasamudram,01-05-2022,39
Balasamudram,01-06-2022,30
Balasamudram,01-07-2022,51
Balasamudram,01-08-2022,48
Balasamudram,01-09-2022,53
Balasamudram,01-10-2022,50
Balasamudram,01-11-2022,47
Balasamudram,01-12-2022,81
Boallaram,01-01-2017,149
Boallaram,01-02-2017,129
Boallaram,01-03-2017,128
Boallaram,01-04-2017,111
Boallaram,01-05-2017,0
Boallaram,01-06-2017,0
Boallaram,01-07-2017,106.6666667
Boallaram,01-08-2017,78.33333333
Boallaram,01-09-2017,86
Boallaram,01-10-2017,130
Boallaram,01-11-2017,0
Boallaram,01-12-2017,0
Boallaram,01-01-2018,0
Boallaram,01-02-2018,153
Boallaram,01-03-2018,129.6666667
Boallaram,01-04-2018,139
Boallaram,01-05-2018,119.875
Boallaram,01-06-2018,113.375
Boallaram,01-07-2018,115
Boallaram,01-08-2018,147.6666667
Boallaram,01-09-2018,137
Boallaram,01-10-2018,116.75
Boallaram,01-11-2018,121
Boallaram,01-12-2018,125.75
Bollaram,01-01-2020,123
Bollaram,01-02-2020,120.7142857
Bollaram,01-03-2020,120
Bollaram,01-04-2020,0
Bollaram,01-05-2020,115
Bollaram,01-06-2020,123
Bollaram,01-07-2020,119
Bollaram,01-08-2020,108
Bollaram,01-09-2020,78
Bollaram,01-10-2020,84
Bollaram,01-11-2020,101
Bollaram,01-12-2020,104
Bollaram,01-01-2021,102
Bollaram,01-02-2021,93
Bollaram,01-03-2021,103
Bollaram,01-04-2021,107
Bollaram,01-05-2021,81
Bollaram,01-06-2021,85
Bollaram,01-07-2021,83
Bollaram,01-08-2021,82
Bollaram,01-09-2021,85
Bollaram,01-10-2021,92
Bollaram,01-11-2021,96
Bollaram,01-12-2021,90
Bollaram,01-01-2022,102
Bollaram,01-02-2022,93
Bollaram,01-03-2022,103
Bollaram,01-04-2022,107
Bollaram,01-05-2022,81
Bollaram,01-06-2022,85
Bollaram,01-07-2022,83
Bollaram,01-08-2022,82
Bollaram,01-09-2022,85
Bollaram,01-10-2022,92
Bollaram,01-11-2022,96
Bollaram,01-12-2022,90
Choutuppal,01-01-2017,63.66666667
Choutuppal,01-02-2017,65.03703704
Choutuppal,01-03-2017,64.07407407
Choutuppal,01-04-2017,62.59259259
Choutuppal,01-05-2017,61.03703704
Choutuppal,01-06-2017,59.11111111
Choutuppal,01-07-2017,62
Choutuppal,01-08-2017,61.29166667
Choutuppal,01-09-2017,61.88888889
Choutuppal,01-10-2017,61.77777778
Choutuppal,01-11-2017,60.59259259
Choutuppal,01-12-2017,59.81481481
Choutuppal,01-01-2018,62.33333333
Choutuppal,01-02-2018,58.77777778
Choutuppal,01-03-2018,68.14814815
Choutuppal,01-04-2018,62.88888889
Choutuppal,01-05-2018,66.07407407
Choutuppal,01-06-2018,61.96296296
Choutuppal,01-07-2018,59.77083333
Choutuppal,01-08-2018,58
Choutuppal,01-09-2018,60.7037037
Choutuppal,01-10-2018,60.37037037
Choutuppal,01-11-2018,66.33333333
Choutuppal,01-12-2018,61
Choutuppal,01-01-2020,61
Choutuppal,01-02-2020,60.88888889
Choutuppal,01-03-2020,53.62962963
Choutuppal,01-04-2020,29.62962963
Choutuppal,01-05-2020,36
Choutuppal,01-06-2020,55
Choutuppal,01-07-2020,58
Choutuppal,01-08-2020,53
Choutuppal,01-09-2020,60
Choutuppal,01-10-2020,56
Choutuppal,01-11-2020,61.375
Choutuppal,01-12-2020,80
Choutuppal,01-01-2021,89.85185185
Choutuppal,01-02-2021,91
Choutuppal,01-03-2021,91
Choutuppal,01-04-2021,95
Choutuppal,01-05-2021,73
Choutuppal,01-06-2021,78
Choutuppal,01-07-2021,79
Choutuppal,01-08-2021,68
Choutuppal,01-09-2021,81
Choutuppal,01-10-2021,87
Choutuppal,01-11-2021,82
Choutuppal,01-12-2021,81.62962963
Choutuppal,01-01-2022,89.85185185
Choutuppal,01-02-2022,91
Choutuppal,01-03-2022,91
Choutuppal,01-04-2022,95
Choutuppal,01-05-2022,73
Choutuppal,01-06-2022,78
Choutuppal,01-07-2022,79
Choutuppal,01-08-2022,68
Choutuppal,01-09-2022,81
Choutuppal,01-10-2022,87
Choutuppal,01-11-2022,82
Choutuppal,01-12-2022,81.62962963
Gaddapotharam,01-01-2017,86.88888889
Gaddapotharam,01-02-2017,91.88888889
Gaddapotharam,01-03-2017,90.03703704
Gaddapotharam,01-04-2017,80.22222222
Gaddapotharam,01-05-2017,79.18518519
Gaddapotharam,01-06-2017,57
Gaddapotharam,01-07-2017,51
Gaddapotharam,01-08-2017,44.88888889
Gaddapotharam,01-09-2017,46.77777778
Gaddapotharam,01-10-2017,55.55555556
Gaddapotharam,01-11-2017,89.25925926
Gaddapotharam,01-12-2017,95.48148148
Gaddapotharam,01-01-2018,100.6666667
Gaddapotharam,01-02-2018,99
Gaddapotharam,01-03-2018,96.53703704
Gaddapotharam,01-04-2018,96.55555556
Gaddapotharam,01-05-2018,94.2962963
Gaddapotharam,01-06-2018,76.25925926
Gaddapotharam,01-07-2018,57.22222222
Gaddapotharam,01-08-2018,52
Gaddapotharam,01-09-2018,51.59259259
Gaddapotharam,01-10-2018,77.62962963
Gaddapotharam,01-11-2018,88.33333333
Gaddapotharam,01-12-2018,95
Gaddapotharam,01-01-2020,105
Gaddapotharam,01-02-2020,107.5555556
Gaddapotharam,01-03-2020,91.77777778
Gaddapotharam,01-04-2020,50.96296296
Gaddapotharam,01-05-2020,63
Gaddapotharam,01-06-2020,74
Gaddapotharam,01-07-2020,77
Gaddapotharam,01-08-2020,72
Gaddapotharam,01-09-2020,64
Gaddapotharam,01-10-2020,66
Gaddapotharam,01-11-2020,72.98148148
Gaddapotharam,01-12-2020,78
Gaddapotharam,01-01-2021,90.85185185
Gaddapotharam,01-02-2021,98
Gaddapotharam,01-03-2021,94
Gaddapotharam,01-04-2021,98
Gaddapotharam,01-05-2021,61
Gaddapotharam,01-06-2021,63
Gaddapotharam,01-07-2021,68
Gaddapotharam,01-08-2021,72
Gaddapotharam,01-09-2021,77
Gaddapotharam,01-10-2021,86
Gaddapotharam,01-11-2021,90
Gaddapotharam,01-12-2021,84.07407407
Gaddapotharam,01-01-2022,90.85185185
Gaddapotharam,01-02-2022,98
Gaddapotharam,01-03-2022,94
Gaddapotharam,01-04-2022,98
Gaddapotharam,01-05-2022,61
Gaddapotharam,01-06-2022,63
Gaddapotharam,01-07-2022,68
Gaddapotharam,01-08-2022,72
Gaddapotharam,01-09-2022,77
Gaddapotharam,01-10-2022,86
Gaddapotharam,01-11-2022,90
Gaddapotharam,01-12-2022,84.07407407
Godavarikhani,01-01-2017,107.3333333
Godavarikhani,01-02-2017,97.59259259
Godavarikhani,01-03-2017,73.48148148
Godavarikhani,01-04-2017,79.14814815
Godavarikhani,01-05-2017,77
Godavarikhani,01-06-2017,67.41666667
Godavarikhani,01-07-2017,41.11111111
Godavarikhani,01-08-2017,62.22222222
Godavarikhani,01-09-2017,68.87037037
Godavarikhani,01-10-2017,71
Godavarikhani,01-11-2017,80.88888889
Godavarikhani,01-12-2017,84.5
Godavarikhani,01-01-2018,135.8888889
Godavarikhani,01-02-2018,111.8888889
Godavarikhani,01-03-2018,104.6666667
Godavarikhani,01-04-2018,97.66666667
Godavarikhani,01-05-2018,99.66666667
Godavarikhani,01-06-2018,102
Godavarikhani,01-07-2018,89.14285714
Godavarikhani,01-08-2018,91.57142857
Godavarikhani,01-09-2018,94.38560997
Godavarikhani,01-10-2018,97.44444444
Godavarikhani,01-11-2018,104.3333333
Godavarikhani,01-12-2018,100
Godavarikhani,01-01-2020,108.3333333
Godavarikhani,01-02-2020,108
Godavarikhani,01-03-2020,88
Godavarikhani,01-04-2020,74
Godavarikhani,01-05-2020,91
Godavarikhani,01-06-2020,73.44444444
Godavarikhani,01-07-2020,63
Godavarikhani,01-08-2020,56
Godavarikhani,01-09-2020,56
Godavarikhani,01-10-2020,61
Godavarikhani,01-11-2020,97
Godavarikhani,01-12-2020,123.7777778
Godavarikhani,01-01-2021,110.5555556
Godavarikhani,01-02-2021,113
Godavarikhani,01-03-2021,99
Godavarikhani,01-04-2021,136
Godavarikhani,01-05-2021,59
Godavarikhani,01-06-2021,77
Godavarikhani,01-07-2021,104
Godavarikhani,01-08-2021,64
Godavarikhani,01-09-2021,76.15492839
Godavarikhani,01-10-2021,83
Godavarikhani,01-11-2021,106
Godavarikhani,01-12-2021,95
Godavarikhani,01-01-2022,110.5555556
Godavarikhani,01-02-2022,113
Godavarikhani,01-03-2022,99
Godavarikhani,01-04-2022,136
Godavarikhani,01-05-2022,59
Godavarikhani,01-06-2022,77
Godavarikhani,01-07-2022,104
Godavarikhani,01-08-2022,64
Godavarikhani,01-09-2022,76.15492839
Godavarikhani,01-10-2022,83
Godavarikhani,01-11-2022,106
Godavarikhani,01-12-2022,95
Karimnagar,01-01-2017,83.77777778
Karimnagar,01-02-2017,74.68518519
Karimnagar,01-03-2017,85.52083333
Karimnagar,01-04-2017,78.85185185
Karimnagar,01-05-2017,81.66666667
Karimnagar,01-06-2017,59.44444444
Karimnagar,01-07-2017,55.33333333
Karimnagar,01-08-2017,54.70833333
Karimnagar,01-09-2017,61.55555556
Karimnagar,01-10-2017,71
Karimnagar,01-11-2017,90.53703704
Karimnagar,01-12-2017,89.96296296
Karimnagar,01-01-2018,111.4444444
Karimnagar,01-02-2018,87.22222222
Karimnagar,01-03-2018,88.66666667
Karimnagar,01-04-2018,99.55555556
Karimnagar,01-05-2018,99.77777778
Karimnagar,01-06-2018,99.88888889
Karimnagar,01-07-2018,88.85714286
Karimnagar,01-08-2018,90.85714286
Karimnagar,01-09-2018,99.66666667
Karimnagar,01-10-2018,97.77777778
Karimnagar,01-11-2018,106.4444444
Karimnagar,01-12-2018,100
Karimnagar,01-01-2020,110.6666667
Karimnagar,01-02-2020,114
Karimnagar,01-03-2020,110
Karimnagar,01-04-2020,39
Karimnagar,01-05-2020,72
Karimnagar,01-06-2020,58.33333333
Karimnagar,01-07-2020,114
Karimnagar,01-08-2020,70
Karimnagar,01-09-2020,96
Karimnagar,01-10-2020,137
Karimnagar,01-11-2020,113.5555556
Karimnagar,01-12-2020,108
Karimnagar,01-01-2021,109.625
Karimnagar,01-02-2021,110
Karimnagar,01-03-2021,69
Karimnagar,01-04-2021,73
Karimnagar,01-05-2021,68
Karimnagar,01-06-2021,72
Karimnagar,01-07-2021,57
Karimnagar,01-08-2021,64
Karimnagar,01-09-2021,65.52192329
Karimnagar,01-10-2021,68
Karimnagar,01-11-2021,73
Karimnagar,01-12-2021,82
Karimnagar,01-01-2022,109.625
Karimnagar,01-02-2022,110
Karimnagar,01-03-2022,69
Karimnagar,01-04-2022,73
Karimnagar,01-05-2022,68
Karimnagar,01-06-2022,72
Karimnagar,01-07-2022,57
Karimnagar,01-08-2022,64
Karimnagar,01-09-2022,65.52192329
Karimnagar,01-10-2022,68
Karimnagar,01-11-2022,73
Karimnagar,01-12-2022,82
Khammam,01-01-2017,60.44444444
Khammam,01-02-2017,64.44444444
Khammam,01-03-2017,54.40740741
Khammam,01-04-2017,54.55555556
Khammam,01-05-2017,56.96296296
Khammam,01-06-2017,42.31481481
Khammam,01-07-2017,40.66666667
Khammam,01-08-2017,53.18333333
Khammam,01-09-2017,49.98148148
Khammam,01-10-2017,63.33333333
Khammam,01-11-2017,54.2962963
Khammam,01-12-2017,59.68888889
Khammam,01-01-2018,64
Khammam,01-02-2018,67.88888889
Khammam,01-03-2018,71.470126
Khammam,01-04-2018,77.09990149
Khammam,01-05-2018,77.03220217
Khammam,01-06-2018,82.81968803
Khammam,01-07-2018,74.85694541
Khammam,01-08-2018,78.85714286
Khammam,01-09-2018,84.14814815
Khammam,01-10-2018,84.69765305
Khammam,01-11-2018,91.77777778
Khammam,01-12-2018,88
Khammam,01-01-2020,88.2962963
Khammam,01-02-2020,84
Khammam,01-03-2020,83
Khammam,01-04-2020,80
Khammam,01-05-2020,63
Khammam,01-06-2020,47.88888889
Khammam,01-07-2020,70
Khammam,01-08-2020,37.14285714
Khammam,01-09-2020,52
Khammam,01-10-2020,62
Khammam,01-11-2020,82.5
Khammam,01-12-2020,94.88888889
Khammam,01-01-2021,99.77777778
Khammam,01-02-2021,84
Khammam,01-03-2021,68
Khammam,01-04-2021,54
Khammam,01-05-2021,0
Khammam,01-06-2021,88
Khammam,01-07-2021,69
Khammam,01-08-2021,67
Khammam,01-09-2021,84.93873676
Khammam,01-10-2021,61
Khammam,01-11-2021,86
Khammam,01-12-2021,78
Khammam,01-01-2022,99.77777778
Khammam,01-02-2022,84
Khammam,01-03-2022,68
Khammam,01-04-2022,54
Khammam,01-05-2022,0
Khammam,01-06-2022,88
Khammam,01-07-2022,69
Khammam,01-08-2022,67
Khammam,01-09-2022,84.93873676
Khammam,01-10-2022,61
Khammam,01-11-2022,86
Khammam,01-12-2022,78
Kothagudem,01-01-2017,69.22222222
Kothagudem,01-02-2017,63.55555556
Kothagudem,01-03-2017,57.47037037
Kothagudem,01-04-2017,60.66666667
Kothagudem,01-05-2017,58.91481481
Kothagudem,01-06-2017,52.45925926
Kothagudem,01-07-2017,44.44444444
Kothagudem,01-08-2017,51.05
Kothagudem,01-09-2017,51.59259259
Kothagudem,01-10-2017,63.33333333
Kothagudem,01-11-2017,59.37037037
Kothagudem,01-12-2017,63.51481481
Kothagudem,01-01-2018,66.77777778
Kothagudem,01-02-2018,64.44444444
Kothagudem,01-03-2018,70.85491288
Kothagudem,01-04-2018,80.66666667
Kothagudem,01-05-2018,81.11111111
Kothagudem,01-06-2018,85.375
Kothagudem,01-07-2018,80.75
Kothagudem,01-08-2018,85
Kothagudem,01-09-2018,86.21953671
Kothagudem,01-10-2018,92.11167259
Kothagudem,01-11-2018,105.2222222
Kothagudem,01-12-2018,98.22222222
Kothagudem,01-01-2020,99.88888889
Kothagudem,01-02-2020,95
Kothagudem,01-03-2020,95
Kothagudem,01-04-2020,44
Kothagudem,01-05-2020,73
Kothagudem,01-06-2020,80.40740741
Kothagudem,01-07-2020,63
Kothagudem,01-08-2020,40.875
Kothagudem,01-09-2020,52
Kothagudem,01-10-2020,72
Kothagudem,01-11-2020,97.125
Kothagudem,01-12-2020,109.8888889
Kothagudem,01-01-2021,109.5555556
Kothagudem,01-02-2021,104
Kothagudem,01-03-2021,99
Kothagudem,01-04-2021,82
Kothagudem,01-05-2021,62
Kothagudem,01-06-2021,58
Kothagudem,01-07-2021,80
Kothagudem,01-08-2021,87
Kothagudem,01-09-2021,82.83794202
Kothagudem,01-10-2021,92
Kothagudem,01-11-2021,86
Kothagudem,01-12-2021,90
Kothagudem,01-01-2022,109.5555556
Kothagudem,01-02-2022,104
Kothagudem,01-03-2022,99
Kothagudem,01-04-2022,82
Kothagudem,01-05-2022,62
Kothagudem,01-06-2022,58
Kothagudem,01-07-2022,80
Kothagudem,01-08-2022,87
Kothagudem,01-09-2022,82.83794202
Kothagudem,01-10-2022,92
Kothagudem,01-11-2022,86
Kothagudem,01-12-2022,90
Kothur,01-01-2017,90.33333333
Kothur,01-02-2017,88.46296296
Kothur,01-03-2017,82.77777778
Kothur,01-04-2017,98.48148148
Kothur,01-05-2017,86.37037037
Kothur,01-06-2017,64.47619048
Kothur,01-07-2017,68.88888889
Kothur,01-08-2017,63.01851852
Kothur,01-09-2017,69.22222222
Kothur,01-10-2017,72.22222222
Kothur,01-11-2017,75.7037037
Kothur,01-12-2017,89.48148148
Kothur,01-01-2018,107.5555556
Kothur,01-02-2018,89.66666667
Kothur,01-03-2018,107.6666667
Kothur,01-04-2018,106.6666667
Kothur,01-05-2018,104.6666667
Kothur,01-06-2018,106.7777778
Kothur,01-07-2018,95.57142857
Kothur,01-08-2018,92.71428571
Kothur,01-09-2018,100.2222222
Kothur,01-10-2018,101.7777778
Kothur,01-11-2018,114
Kothur,01-12-2018,107
Kothur,01-01-2020,110.7777778
Kothur,01-02-2020,114
Kothur,01-03-2020,110
Kothur,01-04-2020,70
Kothur,01-05-2020,94
Kothur,01-06-2020,76.625
Kothur,01-07-2020,130
Kothur,01-08-2020,90
Kothur,01-09-2020,0
Kothur,01-10-2020,83
Kothur,01-11-2020,110.3333333
Kothur,01-12-2020,93.88888889
Kothur,01-01-2021,109.7777778
Kothur,01-02-2021,113
Kothur,01-03-2021,84
Kothur,01-04-2021,85
Kothur,01-05-2021,86
Kothur,01-06-2021,99
Kothur,01-07-2021,103
Kothur,01-08-2021,134
Kothur,01-09-2021,97.22222222
Kothur,01-10-2021,93
Kothur,01-11-2021,82
Kothur,01-12-2021,102
Kothur,01-01-2022,109.7777778
Kothur,01-02-2022,113
Kothur,01-03-2022,84
Kothur,01-04-2022,85
Kothur,01-05-2022,86
Kothur,01-06-2022,99
Kothur,01-07-2022,103
Kothur,01-08-2022,134
Kothur,01-09-2022,97.22222222
Kothur,01-10-2022,93
Kothur,01-11-2022,82
Kothur,01-12-2022,102
"Kuda, warangal",01-01-2017,73
"Kuda, warangal",01-02-2017,69.88888889
"Kuda, warangal",01-03-2017,65.03703704
"Kuda, warangal",01-04-2017,73.51851852
"Kuda, warangal",01-05-2017,71.07407407
"Kuda, warangal",01-06-2017,62.66666667
"Kuda, warangal",01-07-2017,58.55555556
"Kuda, warangal",01-08-2017,56.14583333
"Kuda, warangal",01-09-2017,67.66666667
"Kuda, warangal",01-10-2017,58.72222222
"Kuda, warangal",01-11-2017,65.03703704
"Kuda, warangal",01-12-2017,69.62962963
"Kuda, warangal",01-01-2018,116.5555556
"Kuda, warangal",01-02-2018,91
"Kuda, warangal",01-03-2018,79.96350375
"Kuda, warangal",01-04-2018,81.64262619
"Kuda, warangal",01-05-2018,84.2218114
"Kuda, warangal",01-06-2018,85.55549123
"Kuda, warangal",01-07-2018,72.83081152
"Kuda, warangal",01-08-2018,78.63888889
"Kuda, warangal",01-09-2018,80.74768273
"Kuda, warangal",01-10-2018,85.71369782
"Kuda, warangal",01-11-2018,95.66666667
"Kuda, warangal",01-12-2018,86
"Kuda, warangal",01-01-2020,91.51851852
"Kuda, warangal",01-02-2020,88
"Kuda, warangal",01-03-2020,65
"Kuda, warangal",01-04-2020,38
"Kuda, warangal",01-05-2020,41
"Kuda, warangal",01-06-2020,42.11111111
"Kuda, warangal",01-07-2020,57
"Kuda, warangal",01-08-2020,67.25
"Kuda, warangal",01-09-2020,51
"Kuda, warangal",01-10-2020,59
"Kuda, warangal",01-11-2020,85.33333333
"Kuda, warangal",01-12-2020,59.44444444
"Kuda, warangal",01-01-2021,78.22222222
"Kuda, warangal",01-02-2021,85
"Kuda, warangal",01-03-2021,57
"Kuda, warangal",01-04-2021,58
"Kuda, warangal",01-05-2021,43
"Kuda, warangal",01-06-2021,44
"Kuda, warangal",01-07-2021,86
"Kuda, warangal",01-08-2021,40
"Kuda, warangal",01-09-2021,63.85475305
"Kuda, warangal",01-10-2021,49
"Kuda, warangal",01-11-2021,58
"Kuda, warangal",01-12-2021,55
"Kuda, warangal",01-01-2022,78.22222222
"Kuda, warangal",01-02-2022,85
"Kuda, warangal",01-03-2022,57
"Kuda, warangal",01-04-2022,58
"Kuda, warangal",01-05-2022,43
"Kuda, warangal",01-06-2022,44
"Kuda, warangal",01-07-2022,86
"Kuda, warangal",01-08-2022,40
"Kuda, warangal",01-09-2022,63.85475305
"Kuda, warangal",01-10-2022,49
"Kuda, warangal",01-11-2022,58
"Kuda, warangal",01-12-2022,55
"Marketing Office Building, Beat Market, Hyd Road Nalgonda ",01-01-2021,60
"Marketing Office Building, Beat Market, Hyd Road Nalgonda ",01-02-2021,59
"Marketing Office Building, Beat Market, Hyd Road Nalgonda ",01-03-2021,59
"Marketing Office Building, Beat Market, Hyd Road Nalgonda ",01-04-2021,61
"Marketing Office Building, Beat Market, Hyd Road Nalgonda ",01-05-2021,49
"Marketing Office Building, Beat Market, Hyd Road Nalgonda ",01-06-2021,54
"Marketing Office Building, Beat Market, Hyd Road Nalgonda ",01-07-2021,54
"Marketing Office Building, Beat Market, Hyd Road Nalgonda ",01-08-2021,46
"Marketing Office Building, Beat Market, Hyd Road Nalgonda ",01-09-2021,48
"Marketing Office Building, Beat Market, Hyd Road Nalgonda ",01-10-2021,65
"Marketing Office Building, Beat Market, Hyd Road Nalgonda ",01-11-2021,58
"Marketing Office Building, Beat Market, Hyd Road Nalgonda ",01-12-2021,59
"Marketing Office Building, Beat Market, Hyd Road Nalgonda ",01-01-2022,60
"Marketing Office Building, Beat Market, Hyd Road Nalgonda ",01-02-2022,59
"Marketing Office Building, Beat Market, Hyd Road Nalgonda ",01-03-2022,59
"Marketing Office Building, Beat Market, Hyd Road Nalgonda ",01-04-2022,61
"Marketing Office Building, Beat Market, Hyd Road Nalgonda ",01-05-2022,49
"Marketing Office Building, Beat Market, Hyd Road Nalgonda ",01-06-2022,54
"Marketing Office Building, Beat Market, Hyd Road Nalgonda ",01-07-2022,54
"Marketing Office Building, Beat Market, Hyd Road Nalgonda ",01-08-2022,46
"Marketing Office Building, Beat Market, Hyd Road Nalgonda ",01-09-2022,48
"Marketing Office Building, Beat Market, Hyd Road Nalgonda ",01-10-2022,65
"Marketing Office Building, Beat Market, Hyd Road Nalgonda ",01-11-2022,58
"Marketing Office Building, Beat Market, Hyd Road Nalgonda ",01-12-2022,59
"Mee-Seva, Warangal",01-01-2017,75.88888889
"Mee-Seva, Warangal",01-02-2017,77.85185185
"Mee-Seva, Warangal",01-03-2017,70.77777778
"Mee-Seva, Warangal",01-04-2017,72
"Mee-Seva, Warangal",01-05-2017,68.04166667
"Mee-Seva, Warangal",01-06-2017,61.16666667
"Mee-Seva, Warangal",01-07-2017,47.5
"Mee-Seva, Warangal",01-08-2017,59.54166667
"Mee-Seva, Warangal",01-09-2017,61.57142857
"Mee-Seva, Warangal",01-10-2017,62.46296296
"Mee-Seva, Warangal",01-11-2017,75.51851852
"Mee-Seva, Warangal",01-12-2017,77.7037037
"Mee-Seva, Warangal",01-01-2018,94.11111111
"Mee-Seva, Warangal",01-02-2018,96.44444444
"Mee-Seva, Warangal",01-03-2018,79.22222222
"Mee-Seva, Warangal",01-04-2018,82.66666667
"Mee-Seva, Warangal",01-05-2018,81.11111111
"Mee-Seva, Warangal",01-06-2018,83.88888889
"Mee-Seva, Warangal",01-07-2018,69.5
"Mee-Seva, Warangal",01-08-2018,72.83333333
"Mee-Seva, Warangal",01-09-2018,80.0659859
"Mee-Seva, Warangal",01-10-2018,89.2815087
"Mee-Seva, Warangal",01-11-2018,94.22222222
"Mee-Seva, Warangal",01-12-2018,88
"Mee-Seva, Warangal",01-01-2020,89
"Mee-Seva, Warangal",01-02-2020,88
"Mee-Seva, Warangal",01-03-2020,74
"Mee-Seva, Warangal",01-04-2020,41
"Mee-Seva, Warangal",01-05-2020,65
"Mee-Seva, Warangal",01-06-2020,58.25
"Mee-Seva, Warangal",01-07-2020,67
"Mee-Seva, Warangal",01-08-2020,60.8
"Mee-Seva, Warangal",01-09-2020,55
"Mee-Seva, Warangal",01-10-2020,61
"Mee-Seva, Warangal",01-11-2020,91.88888889
"Mee-Seva, Warangal",01-12-2020,91.44444444
"Mee-Seva, Warangal",01-01-2021,81.25925926
"Mee-Seva, Warangal",01-02-2021,88
"Mee-Seva, Warangal",01-03-2021,75
"Mee-Seva, Warangal",01-04-2021,71
"Mee-Seva, Warangal",01-05-2021,51
"Mee-Seva, Warangal",01-06-2021,81
"Mee-Seva, Warangal",01-07-2021,57
"Mee-Seva, Warangal",01-08-2021,60
"Mee-Seva, Warangal",01-09-2021,55.13437612
"Mee-Seva, Warangal",01-10-2021,64
"Mee-Seva, Warangal",01-11-2021,65
"Mee-Seva, Warangal",01-12-2021,69
"Mee-Seva, Warangal",01-01-2022,81.25925926
"Mee-Seva, Warangal",01-02-2022,88
"Mee-Seva, Warangal",01-03-2022,75
"Mee-Seva, Warangal",01-04-2022,71
"Mee-Seva, Warangal",01-05-2022,51
"Mee-Seva, Warangal",01-06-2022,81
"Mee-Seva, Warangal",01-07-2022,57
"Mee-Seva, Warangal",01-08-2022,60
"Mee-Seva, Warangal",01-09-2022,55.13437612
"Mee-Seva, Warangal",01-10-2022,64
"Mee-Seva, Warangal",01-11-2022,65
"Mee-Seva, Warangal",01-12-2022,69
Nakkalagutta,01-01-2017,82
Nakkalagutta,01-02-2017,73
Nakkalagutta,01-03-2017,73
Nakkalagutta,01-04-2017,72
Nakkalagutta,01-05-2017,65
Nakkalagutta,01-06-2017,58.75
Nakkalagutta,01-07-2017,47.75
Nakkalagutta,01-08-2017,65.5
Nakkalagutta,01-09-2017,57.75
Nakkalagutta,01-10-2017,73
Nakkalagutta,01-11-2017,76
Nakkalagutta,01-12-2017,79
Nakkalagutta,01-01-2018,106
Nakkalagutta,01-02-2018,86.75
Nakkalagutta,01-03-2018,89.53373016
Nakkalagutta,01-04-2018,92
Nakkalagutta,01-05-2018,85.41369048
Nakkalagutta,01-06-2018,83.44198791
Nakkalagutta,01-07-2018,85
Nakkalagutta,01-08-2018,75.25
Nakkalagutta,01-09-2018,86
Nakkalagutta,01-10-2018,97.78769841
Nakkalagutta,01-11-2018,96.82738095
Nakkalagutta,01-12-2018,94
Nakkalagutta,01-01-2020,90
Nakkalagutta,01-02-2020,94
Nakkalagutta,01-03-2020,59
Nakkalagutta,01-04-2020,0
Nakkalagutta,01-05-2020,94
Nakkalagutta,01-06-2020,99
Nakkalagutta,01-07-2020,69
Nakkalagutta,01-08-2020,40
Nakkalagutta,01-09-2020,52
Nakkalagutta,01-10-2020,44
Nakkalagutta,01-11-2020,85
Nakkalagutta,01-12-2020,80
Nakkalagutta,01-01-2021,75
Nakkalagutta,01-02-2021,87
Nakkalagutta,01-03-2021,67
Nakkalagutta,01-04-2021,52
Nakkalagutta,01-05-2021,42
Nakkalagutta,01-06-2021,52
Nakkalagutta,01-07-2021,119
Nakkalagutta,01-08-2021,98
Nakkalagutta,01-09-2021,92
Nakkalagutta,01-10-2021,98
Nakkalagutta,01-11-2021,77
Nakkalagutta,01-12-2021,83
Nakkalagutta,01-01-2022,75
Nakkalagutta,01-02-2022,87
Nakkalagutta,01-03-2022,67
Nakkalagutta,01-04-2022,52
Nakkalagutta,01-05-2022,42
Nakkalagutta,01-06-2022,52
Nakkalagutta,01-07-2022,119
Nakkalagutta,01-08-2022,98
Nakkalagutta,01-09-2022,92
Nakkalagutta,01-10-2022,98
Nakkalagutta,01-11-2022,77
Nakkalagutta,01-12-2022,83
Nalgonda,01-01-2017,73
Nalgonda,01-02-2017,61.22222222
Nalgonda,01-03-2017,64.22222222
Nalgonda,01-04-2017,69.66666667
Nalgonda,01-05-2017,65.88888889
Nalgonda,01-06-2017,52.77777778
Nalgonda,01-07-2017,64
Nalgonda,01-08-2017,58.70833333
Nalgonda,01-09-2017,60.88888889
Nalgonda,01-10-2017,63.66666667
Nalgonda,01-11-2017,64.77777778
Nalgonda,01-12-2017,64.44444444
Nalgonda,01-01-2018,68.33333333
Nalgonda,01-02-2018,67.44444444
Nalgonda,01-03-2018,73.11111111
Nalgonda,01-04-2018,69.44444444
Nalgonda,01-05-2018,79.55555556
Nalgonda,01-06-2018,59
Nalgonda,01-07-2018,58.33333333
Nalgonda,01-08-2018,54
Nalgonda,01-09-2018,56.62962963
Nalgonda,01-10-2018,55.66666667
Nalgonda,01-11-2018,63
Nalgonda,01-12-2018,54
Nalgonda,01-01-2020,58
Nalgonda,01-02-2020,58.18518519
Nalgonda,01-03-2020,49.37037037
Nalgonda,01-04-2020,28.07407407
Nalgonda,01-05-2020,32
Nalgonda,01-06-2020,52
Nalgonda,01-07-2020,54
Nalgonda,01-08-2020,52
Nalgonda,01-09-2020,50
Nalgonda,01-10-2020,49
Nalgonda,01-11-2020,51.375
Nalgonda,01-12-2020,63
Nalgonda,01-01-2021,65
Nalgonda,01-02-2021,61
Nalgonda,01-03-2021,61
Nalgonda,01-04-2021,62
Nalgonda,01-05-2021,46
Nalgonda,01-06-2021,52
Nalgonda,01-07-2021,58
Nalgonda,01-08-2021,52
Nalgonda,01-09-2021,55
Nalgonda,01-10-2021,74
Nalgonda,01-11-2021,79
Nalgonda,01-12-2021,66.25925926
Nalgonda,01-01-2022,65
Nalgonda,01-02-2022,61
Nalgonda,01-03-2022,61
Nalgonda,01-04-2022,62
Nalgonda,01-05-2022,46
Nalgonda,01-06-2022,52
Nalgonda,01-07-2022,58
Nalgonda,01-08-2022,52
Nalgonda,01-09-2022,55
Nalgonda,01-10-2022,74
Nalgonda,01-11-2022,79
Nalgonda,01-12-2022,66.25925926
Nizamabad,01-01-2017,61.33333333
Nizamabad,01-02-2017,61.55555556
Nizamabad,01-03-2017,63.22222222
Nizamabad,01-04-2017,67.37037037
Nizamabad,01-05-2017,68.40740741
Nizamabad,01-06-2017,62.55555556
Nizamabad,01-07-2017,57
Nizamabad,01-08-2017,59.55555556
Nizamabad,01-09-2017,59.44444444
Nizamabad,01-10-2017,61.44444444
Nizamabad,01-11-2017,61
Nizamabad,01-12-2017,58.88888889
Nizamabad,01-01-2018,60.66666667
Nizamabad,01-02-2018,60.55555556
Nizamabad,01-03-2018,66.11111111
Nizamabad,01-04-2018,69.77777778
Nizamabad,01-05-2018,54
Nizamabad,01-06-2018,64.18518519
Nizamabad,01-07-2018,58.55555556
Nizamabad,01-08-2018,60
Nizamabad,01-09-2018,64.22222222
Nizamabad,01-10-2018,48.11111111
Nizamabad,01-11-2018,59.81481481
Nizamabad,01-12-2018,62
Nizamabad,01-01-2020,64
Nizamabad,01-02-2020,63.55555556
Nizamabad,01-03-2020,66.44444444
Nizamabad,01-04-2020,38.33333333
Nizamabad,01-05-2020,50
Nizamabad,01-06-2020,52
Nizamabad,01-07-2020,63
Nizamabad,01-08-2020,60
Nizamabad,01-09-2020,62
Nizamabad,01-10-2020,62
Nizamabad,01-11-2020,62.55555556
Nizamabad,01-12-2020,81
Nizamabad,01-01-2021,68.59259259
Nizamabad,01-02-2021,68
Nizamabad,01-03-2021,66
Nizamabad,01-04-2021,69
Nizamabad,01-05-2021,41
Nizamabad,01-06-2021,0
Nizamabad,01-07-2021,54
Nizamabad,01-08-2021,45
Nizamabad,01-09-2021,43
Nizamabad,01-10-2021,59
Nizamabad,01-11-2021,66
Nizamabad,01-12-2021,56.74074074
Nizamabad,01-01-2022,68.59259259
Nizamabad,01-02-2022,68
Nizamabad,01-03-2022,66
Nizamabad,01-04-2022,69
Nizamabad,01-05-2022,41
Nizamabad,01-06-2022,0
Nizamabad,01-07-2022,54
Nizamabad,01-08-2022,45
Nizamabad,01-09-2022,43
Nizamabad,01-10-2022,59
Nizamabad,01-11-2022,66
Nizamabad,01-12-2022,56.74074074
PETL,01-01-2017,90
PETL,01-02-2017,94
PETL,01-03-2017,93
PETL,01-04-2017,79
PETL,01-05-2017,76
PETL,01-06-2017,80.33333333
PETL,01-07-2017,74.75
PETL,01-08-2017,66.33333333
PETL,01-09-2017,76.33333333
PETL,01-10-2017,63
PETL,01-11-2017,91
PETL,01-12-2017,94.4
PETL,01-01-2018,62
PETL,01-02-2018,96.5
PETL,01-03-2018,91.2
PETL,01-04-2018,87
PETL,01-05-2018,95.2
PETL,01-06-2018,87.5
PETL,01-07-2018,84.75
PETL,01-08-2018,93.6
PETL,01-09-2018,90
PETL,01-10-2018,101.6666667
PETL,01-11-2018,94
PETL,01-12-2018,85
PETL,01-01-2020,99
PETL,01-02-2020,98
PETL,01-03-2020,79
PETL,01-04-2020,61.75
PETL,01-05-2020,89
PETL,01-06-2020,77
PETL,01-07-2020,80
PETL,01-08-2020,63
PETL,01-09-2020,74
PETL,01-10-2020,82
PETL,01-11-2020,95
PETL,01-12-2020,98
PETL,01-01-2021,97
PETL,01-02-2021,97
PETL,01-03-2021,98
PETL,01-04-2021,98
PETL,01-05-2021,79
PETL,01-06-2021,81
PETL,01-07-2021,85
PETL,01-08-2021,76
PETL,01-09-2021,81
PETL,01-10-2021,84
PETL,01-11-2021,89
PETL,01-12-2021,82
PETL,01-01-2022,97
PETL,01-02-2022,97
PETL,01-03-2022,98
PETL,01-04-2022,98
PETL,01-05-2022,79
PETL,01-06-2022,81
PETL,01-07-2022,85
PETL,01-08-2022,76
PETL,01-09-2022,81
PETL,01-10-2022,84
PETL,01-11-2022,89
PETL,01-12-2022,82
R C Puram,01-01-2017,89.88888889
R C Puram,01-02-2017,94.14814815
R C Puram,01-03-2017,87.92592593
R C Puram,01-04-2017,88.7037037
R C Puram,01-05-2017,81
R C Puram,01-06-2017,61.46296296
R C Puram,01-07-2017,49
R C Puram,01-08-2017,42.72222222
R C Puram,01-09-2017,48
R C Puram,01-10-2017,68.11111111
R C Puram,01-11-2017,80.33333333
R C Puram,01-12-2017,97.03703704
R C Puram,01-01-2018,78
R C Puram,01-02-2018,98
R C Puram,01-03-2018,94.77777778
R C Puram,01-04-2018,95.44444444
R C Puram,01-05-2018,97.11111111
R C Puram,01-06-2018,65.33333333
R C Puram,01-07-2018,54.87037037
R C Puram,01-08-2018,41
R C Puram,01-09-2018,52.81481481
R C Puram,01-10-2018,80.85185185
R C Puram,01-11-2018,88.51851852
R C Puram,01-12-2018,96
R C Puram,01-01-2020,107
R C Puram,01-02-2020,104.3333333
R C Puram,01-03-2020,88.66666667
R C Puram,01-04-2020,45.25925926
R C Puram,01-05-2020,59
R C Puram,01-06-2020,72
R C Puram,01-07-2020,70
R C Puram,01-08-2020,69
R C Puram,01-09-2020,57
R C Puram,01-10-2020,70
R C Puram,01-11-2020,84.72222222
R C Puram,01-12-2020,89
R C Puram,01-01-2021,95.66666667
R C Puram,01-02-2021,93
R C Puram,01-03-2021,91
R C Puram,01-04-2021,93
R C Puram,01-05-2021,56
R C Puram,01-06-2021,60
R C Puram,01-07-2021,67
R C Puram,01-08-2021,64
R C Puram,01-09-2021,64
R C Puram,01-10-2021,83
R C Puram,01-11-2021,91
R C Puram,01-12-2021,82.77777778
R C Puram,01-01-2022,95.66666667
R C Puram,01-02-2022,93
R C Puram,01-03-2022,91
R C Puram,01-04-2022,93
R C Puram,01-05-2022,56
R C Puram,01-06-2022,60
R C Puram,01-07-2022,67
R C Puram,01-08-2022,64
R C Puram,01-09-2022,64
R C Puram,01-10-2022,83
R C Puram,01-11-2022,91
R C Puram,01-12-2022,82.77777778
Sangareddy,01-01-2017,73.55555556
Sangareddy,01-02-2017,79.03703704
Sangareddy,01-03-2017,77.22222222
Sangareddy,01-04-2017,77.18518519
Sangareddy,01-05-2017,64.94204026
Sangareddy,01-06-2017,52.81481481
Sangareddy,01-07-2017,51
Sangareddy,01-08-2017,47.7037037
Sangareddy,01-09-2017,42.66666667
Sangareddy,01-10-2017,66.11111111
Sangareddy,01-11-2017,63.92592593
Sangareddy,01-12-2017,79.14814815
Sangareddy,01-01-2018,68.33333333
Sangareddy,01-02-2018,85.88888889
Sangareddy,01-03-2018,80.55555556
Sangareddy,01-04-2018,80.11111111
Sangareddy,01-05-2018,74.44444444
Sangareddy,01-06-2018,62.66666667
Sangareddy,01-07-2018,49.44444444
Sangareddy,01-08-2018,50
Sangareddy,01-09-2018,57.44444444
Sangareddy,01-10-2018,65.44444444
Sangareddy,01-11-2018,64
Sangareddy,01-12-2018,76
Sangareddy,01-01-2020,86
Sangareddy,01-02-2020,84.55560261
Sangareddy,01-03-2020,72.74074074
Sangareddy,01-04-2020,39.81481481
Sangareddy,01-05-2020,53
Sangareddy,01-06-2020,60
Sangareddy,01-07-2020,61
Sangareddy,01-08-2020,54
Sangareddy,01-09-2020,49
Sangareddy,01-10-2020,60
Sangareddy,01-11-2020,68.38888889
Sangareddy,01-12-2020,70
Sangareddy,01-01-2021,68.74074074
Sangareddy,01-02-2021,73
Sangareddy,01-03-2021,78
Sangareddy,01-04-2021,77
Sangareddy,01-05-2021,45
Sangareddy,01-06-2021,53
Sangareddy,01-07-2021,56
Sangareddy,01-08-2021,58
Sangareddy,01-09-2021,59
Sangareddy,01-10-2021,75
Sangareddy,01-11-2021,74
Sangareddy,01-12-2021,72.25925926
Sangareddy,01-01-2022,68.74074074
Sangareddy,01-02-2022,73
Sangareddy,01-03-2022,78
Sangareddy,01-04-2022,77
Sangareddy,01-05-2022,45
Sangareddy,01-06-2022,53
Sangareddy,01-07-2022,56
Sangareddy,01-08-2022,58
Sangareddy,01-09-2022,59
Sangareddy,01-10-2022,75
Sangareddy,01-11-2022,74
Sangareddy,01-12-2022,72.25925926
